{
  "5Q544fKrFoe6tsEbD7S8EmxGTJYAKtTVhAW5Q5pge4j1": 809125.132520693,
  "CmLVNABHQXuV7V7W8mubupLeLQSs24tiu19dWMWLnP4b": 749065.470945526,
  "6ndy4ijaKMpWPZk7sAEk842AQW1v7cXsDmEHamZfPbBF": 661984.814146397,
  "7ntxTTDeEXGXzrMgPjo21E44wTduzH8JDDaLtQ7iqhby": 609986.765152517,
  "F8Ce21EkuCy6BaEAGdQK26zHXsHv5soJZcNTswi8K44r": 375959.040772576,
  "F11V51veTZBuqwjB7HiGReDTAwEy3uK2n5vSnCRhXQm9": 258382.162679437,
  "8wANrZpzVyFJrpHw3phrLGZgntLXj3ijZqz9t6BYmB3A": 213219.683742652,
  "FC21DrLxvV8fjutTLWVWgc65bPj5HBWM4JVCThPEhtkj": 169420.0,
  "Cq7mAEF8ct5YuHA82UdXtVgwkAMCzGVSQLjs462db713": 85746.710805418,
  "DM4oU4aJ3scGxVDb2AmhWYBrYFViaY5yED4K4NwMtLjF": 63078.894795793,
  "GcXbJ4TAL22NraXh658wEPY3t4RbJEWGofqSgmFpdBGF": 61656.854376218,
  "Gh4izn3ogoQTHJKr75bpJPjRytVgjYAeJNwQrgQoG8J7": 58076.8045269,
  "8MA36HBKAYpomdbWxUku2QcKpqGhGcMYHsP2pQZ6BNpr": 49849.4018,
  "AXBe9t1vYH5GUFhcee4Ue7qD2nZZ17cEYMsbdfY9Xpnr": 38768.023167019,
  "HBUJMcFFWmYD6qjd4pF89js6AsfzYEA3FH7pzxDnb8fN": 38601.109368245,
  "EELhpihpevqjyez7DHaXBfn1eoCRvNMKso9Ck3oPnLx4": 37142.191906612,
  "5CA47W1bF6aWA2H1tAtofunFKhWF3ZWrvHk23NHmHzha": 27472.844413145,
  "Cvb93Ak42C3QFgecCksWPC3PqBaYfT487XVHdmsxehnL": 21507.412654244,
  "Ei9QyqwYyVgNUg2pSK5JZjWsZN4GVxeiTEFGmyEzDMwx": 19310.343726285,
  "DUPhCDiwSZBhSjYaWyJSJ3F7UgqqXLtUXM5eV8XyeTEB": 13285.419181496,
  "4t7g4fpmnjwJ9KfmVCbnRQw7aWgmdHRqRunAFcYzmeEU": 10000.0,
  "26JeEL82Fs4zwxgF4CCqnowmGPFXqr9SzYaCpzoAq6iY": 2872.878610321,
  "3DxPsAExwgPP5ENEagd4MGRn8fsZgR2LwZWvFSHqqbNz": 1574.880859099,
  "HfjT61wynPeXPV1yhKd45vujqCE4x17ETvUE1ne4xeWP": 997.797432361,
  "92cFcDaiqoNGUTX2Qe9evbpNLBGETvXofxG6UADAYJt4": 670.2,
  "45ruCyfdRkWpRNGEqWzjCiXRHkZs8WXCLQ67Pnpye7Hp": 535.7005512190001,
  "DKx72DekS2AcuANJTm9JMN4aWXoJpT1ssJksccUq1ibA": 397.634168082,
  "CRQd5wvbf6FKVmjHC7on8w4pzFPzudij2BKXRcMCu7aK": 375.505025406,
  "WXe3tBgcYgMcV7K9cBw3XWpuKVZGpynhPkgKL3kibCm": 251.938822137,
  "GmSm2DtNG7nyM72RTXFDf4m3aKfkzA9sXrFYt45nJ8Q3": 184.235730961,
  "bf7HQM7hFRocboAE7adw5N4M5u6h9a4pQv42AgKsGfq": 99.2,
  "EQmssb4EiAiV52M5LPaK6bsKgagexkXks63T9sbwi5er": 94.079927384,
  "3AnsaVBR9LdtzNeSYRG8gjPVL6HTF5j4oKXu2pUpNZXX": 76.540271566,
  "9qtG45yhyRdW4ReCtKRjVs1SxG2VCXE2ZvqUXAjDBUqA": 73.68752345,
  "GvTtjkM8NeuNV5aba7ebujFu1cDfXiav6uJdXxvLr2dy": 35.451435138,
  "DyHLJdRUNimg3MPU7TCAzuC62FrpTpQNFvjTBuspCL4V": 29.600275512,
  "J9EuvkWcHrfNxjaQoaKnNqWDAqKsNxAFcrsPChkuNVKD": 27.493404413,
  "8pgZ2DqxBEigNN65uxrT3HKxFFWSEiTFKjeQRKSgR9Hm": 25.18490351,
  "HFqp6ErWHY6Uzhj8rFyjYuDya2mXUpYEk8VW75K9PSiY": 21.103722574,
  "3CgvbiM3op4vjrrjH2zcrQUwsqh5veNVRjFCB9N6sRoD": 20.428120046,
  "3LoAYHuSd7Gh8d7RTFnhvYtiTiefdZ5ByamU42vkzd76": 20.107030011,
  "8psNvWTrdNTiVRNzAgsou9kETXNJm2SXZyaKuJraVRtf": 17.276949715,
  "2iep3iqz41dCwftyWVCyDinSBma3ooZ8paT4Hjvm29mf": 10.0,
  "Ex3sr3ctcpUnEd2yc3ipQxwe6TG7N46ZZmUUdydGUybt": 9.0,
  "HQSayu69MVuLY1i8uDR1z9uofbqxjgVLLt3cyZjiQZyu": 6.724740396,
  "DaaZT5gWzjWDvA4nUWjoWeSe7NAjrPshpDJF9PTFq2Mx": 5.235805185,
  "ACtGUrpBeuN7tLFLMtr5Xqa9DhKPMTjhsP7ALywQ8CoT": 4.964731742,
  "3deZc2H1uXSGBQpw8NFSiBGD4NfUsXt7SW3DhnQQgkEv": 2.045,
  "CnTnCf5MUo5tvmujAWn3VcyArgTwQN1kT9Vx3rb1tj9e": 1.141268943,
  "7dxJNhc3e9xjyTeU59AxJFhzLYH29dp2UmhKm8VayEFN": 0.993246555,
  "8uzYWnHFV91mYPVHaYZmLm4Kj4fTymsBUub1HT2KhJgo": 0.76872538,
  "3b3zfYBQ61sEicY4bhQMKUvRo9bAxPYAz32uyAP9Cj9u": 0.704606148,
  "AfQ1oaudsGjvznX4JNEw671hi57JfWo4CWqhtkdgoVHU": 0.360305617,
  "HWoaBAnp7MLSgLSBkdoNkSFCJCANo8dyvmaYU9P5W5d9": 0.174131326,
  "ESuvjvsQtjuxC4XGsDeMhx8Wp5yjQcCFGncGhupcJbg8": 0.028922821,
  "Erv1VjWE3eTbwCWoWs74SabnGqxrekFkeqFFVTnN2ykW": 0.015233641,
  "FRfsygLvkZf7D4xMxbcm7w8juKPoDBLaBV9EMu2RLjv6": 2.5984e-05,
  "BTR1v5YC1M3SeFEQvktPi5tB8f5r2VAnfXo45PWsbcAK": 6.96e-07,
  "7K7UBcowzzTB8JPzE4EZFxHBaxMBRKVqHZsDzyNPY5Tn": 1e-07,
  "5CyFruSeYM7pJ57XafqawT92aRib9m9te3UemEE2ceD": 1e-09,
  "vJQ1egnynzv9FX58E7QpRzZcdRjRvWGDhMuYFnm1i24": 1e-09,
  "GotU7aYmtgAM49e7oU9rYpSJYYwFngkxriUrc2MxWvLP": 1e-09
}