{
  "0x000000000004444c5dc75cb358380d2e3de08a90": 645502.662073006,
  "0x3ca5a4f54ec903fd5e1d827686bc49466113036e": 434532.2229420736,
  "0xb76e7fc28e3c78455c61d6c4d630e0f1e121d254": 294823.2885393165,
  "0x3c94ca5a1604028ab34fc30fb93f43a7281bffff": 252949.60132005872,
  "0x3004892cf2946356e8e4570a94748afdff86681c": 223817.03133569122,
  "0xf6627d0baf20a3b0c791ea99d042df7eb31eaf3f": 194810.14933341,
  "0x0a146f2270b13d456a211426f7468b70e9dac133": 134588.61578177,
  "0xb19df4660a9d1b2b0b8c9b5f6751cd9b5190b8a5": 102778.56357571117,
  "0x8aa8c67d14090fe7f6153a80d42d3b36c3a6f320": 60360.370864823635,
  "0x650f657b3e5edae26977848c6ec4b8ef164d2d8d": 50274.82103327,
  "0x86ffc3b62c9510a80bb69f680069d9855bbf06e6": 44472.73989998569,
  "0xd352439a8cf2bdfa05d73b9c2fdc77fbc2d3262e": 42313.157800487206,
  "0xf96a73bc83bee7fbaf2c7ef6842a8281d8e79189": 33598.633666812195,
  "0x549ca5cc4608067bc61218a5545192016eeabece": 32878.36821744,
  "0xac946b1fa097399d19e2aa232d3f4e973519ff82": 25207.230602125564,
  "0x142b09ecfc1be78ac52b949a49fc8401fdd3ccbe": 24833.60699351822,
  "0xf5fc6cb72703c2ed39dbc66d2a1ee27bad912407": 21004.61450803717,
  "0xaab09ac49cea9af3f27378b99975fd5e23e8bef2": 20000.0,
  "0xb224bf6a5de0c2537209a1801c3a7456e1202a59": 17635.57238849034,
  "0x70022bbf2499e41e232c7d222c906ac48655a7e1": 15000.000354918628,
  "0x2ef6e6c76ac52bb0c0de6af87eadba45ff2516e6": 13818.113722643791,
  "0x12104bea6c1f7de4f08bf810306a32508be29696": 13470.1336967,
  "0x206c01c597bac8ec5e88c76a6b90928b044530c9": 12015.407044920765,
  "0x6f6b7638dad2e6db69483f9e3b752b943137ba76": 11350.665054279745,
  "0xca41700b933c706f2625b572eb61620cc39b71f6": 10987.34632339,
  "0xcef66e1ed674dcb9ec28905e1dced57d9d7d586b": 10808.858686,
  "0x2f7e1ca492f458071bdb5763555f4e5e287ffa5e": 9032.19018772,
  "0x29b3d18593f9e0ab2b667b8d6f2d820f30bc5a0d": 8482.904076767532,
  "0xe8b054ad9fe9d82f25adc84edaed185b350cd241": 7379.0364116846795,
  "0xe6b45b10927dbd9c9f8e44af90102168bdaa2a4e": 6889.86424686,
  "0x8ae27886db9efdcf177adeb8036e5058db0b2889": 6326.238396,
  "0x42d5b09a92a31afb875e1e40ae4b06f2a60890fc": 6114.3121191124565,
  "0x6e0e96c02a8d97673ce874a2f8a841581e9056d5": 6000.0,
  "0xac58c3fa0513ca0ed5f42917a2fed702a7b4ccb4": 5786.527067132265,
  "0x7a96d18ffebd6eb7997374e13110d427c23e4db2": 5553.9502094186555,
  "0xc78b628b060258300218740b1a7a5b3c82b3bd9f": 5343.4525046520475,
  "0x9cc303cb70f198ec092bc473a33cdc0cde39c349": 4700.0,
  "0x0f83c74f83e8fae638959bb0a4bb08bdf72b5627": 4677.039853400795,
  "0x5f775d2b3fe91c834e3e7355ed3c9b1f6875ce95": 4300.0,
  "0x3da84106349ef21c6a935f942eb3c3dd8179d7b6": 4149.30212557,
  "0xa5cffd88c0c2ed23e6b391e7f4101a110bce328d": 4083.676251059767,
  "0x9f95230f07bb390b35c4274c21170c6713654499": 4000.843614938972,
  "0xb542f14ae07863c8fb05da98c61bfead94074608": 3959.0,
  "0x382ffce2287252f930e1c8dc9328dac5bf282ba1": 3927.723031592327,
  "0xca9a3fbaca3cfdcd9ca3ac7e83e565cc8cd82601": 3914.625938372884,
  "0x610d4ea669a1e692244ae7cd211650357d6a6296": 3877.92870417,
  "0xf5dfe6d952cac6938f36ab015585bffacb8e362d": 3767.38678067,
  "0xf56f86b005704fdd0bba17e108976d738c8476aa": 3700.99419777,
  "0x336a0bd13e7885c46913f7732b1f4182b8194b49": 3538.50678476,
  "0xdbe89dd30b3af8608ed063546d1d9a7fbee5243d": 3500.0,
  "0xd3f1375f9baaf05e54e7fb1da6e5845a9c1f10a8": 3240.60805612,
  "0x324265227096e49d05a1a83d6d3ecdb1b01e78b8": 3178.44047726,
  "0x16c46250a9ca5eb5d8b88d0169e79f4e83a881be": 3011.4486217649624,
  "0x3695e575ff1ef08165f6ea864b519e1ed1095562": 2923.19839946,
  "0x9295cdbe774f627e5d34049564b25f6eb3da8d7a": 2698.169719786904,
  "0x86329dca32ece19b9f989a198982cd3f9a3ca2f1": 2591.3966039638017,
  "0xd58cd1b371a37f0aa4747a377913396e4a533dc5": 2506.40166738,
  "0x8f539ca7314a3047aa7c08399bc7d3501c9f84de": 2500.0,
  "0x6e4bc5c9f5453b0d5f1f1ad15cca7f22ecf64f41": 2485.80137715,
  "0xfa7575caa049e5cfd96a2783da2c85663f0da817": 2474.625034061124,
  "0x2fdab2a7c2bdaf6634638cfccdae66332e78460a": 2444.65397737,
  "0x00280bdbb085b84aa1a0b3e29c07ca9086671324": 2438.3580041162286,
  "0xe76fd2150ae76a5acbec29bff9d7e942c6ddac65": 2430.6770868376234,
  "0x18b56fb165024b561439d67d0d1c37a316a7f074": 2390.205379752628,
  "0x807460fa0279c0e7448b7a66d52f692a7a012983": 2236.16328032,
  "0x000000fee13a103a10d593b9ae06b3e05f2e7e1c": 1935.9131142689498,
  "0x936a3f79dc2b715407e9267ebe7ef85286e5bd9b": 1884.9351843882828,
  "0x66722cdaccc453305a0b036cc25449959459cd5d": 1646.56014537,
  "0xb11ae585c883cc4683acff2d10152117bba27838": 1575.26,
  "0x9770d5ac47ce515f435c72c39cffcd72ab03b6e3": 1492.06508656,
  "0x8c4b1913fa6721b9b1a10e6c25a1db55a9f786a9": 1428.317110857561,
  "0x7f542af3dcec5adc7ee5095c0826c50658fe4253": 1398.09319837,
  "0x5077e4a57424cc165ffa042df0cf67b0a4f49683": 1162.49919576,
  "0x9afbeac13cd0f2713fb9282fa191f304090d4aa6": 1113.26593472,
  "0x1d6d10f9535bb279f422bea61d4f04d763314358": 985.767151,
  "0x0961f86626e297450073048a2c2ad9657fe56fbe": 927.437634,
  "0x8bc168bc05362f4ea30e9ce76450c12f6f1c1e85": 856.45120217,
  "0xa15c4ceea33b8fa3775a177c4b53096c9623656d": 800.75786254,
  "0xffbd5e58173e3e97b9ba6a70f3a92bb4273228ba": 777.35634966,
  "0x39041f1b366fe33f9a5a79de5120f2aee2577ebc": 653.9113385278516,
  "0x1f420d2d1929cee46932569b80e73978b39c5e8a": 620.18570374,
  "0x25720a9175796105acc0b4d94e9f15a7f463d301": 614.6080904721433,
  "0x6a2ff6096c460503875447b5b0b1861a84b76b83": 544.31282712,
  "0xabd6e88d79135604e1a9ec5266846ac85244e4e1": 543.0912577853697,
  "0x331ae9eba15bf200912db0faa32ff111f8d8953c": 512.04263328,
  "0x7c6a2b2f67e77f787019c69e20a45f6345c0d699": 506.2126415,
  "0xe21523d7c3570a2483911bc317ecffb81cb38f69": 497.19106436400114,
  "0xc65ffcfa9f3b5f7d972d4fcbf60a848c16ae05ce": 491.14985915,
  "0xff5bb7c6f7900574d4a02fac8d4c452b0b302603": 478.8649618,
  "0x8960bcf1a01cc6e14752d235249c74ac1b0cf656": 453.78497136797847,
  "0x842846a42adec930a18e0209c8a4ee7f03be59c4": 441.12800538,
  "0xc5daac283125b482e8145d12811aa3402db884f9": 426.03033423,
  "0xa1819f99ea2a53c93c8aa66456894ef88c20bff1": 422.78132836,
  "0x67dbe564f4c992c9c865c88783706647b8803d04": 417.4300888112278,
  "0x7dfd84081c502ba3caac54bf6160fe8abbf20b1a": 415.5507149362774,
  "0x256e27b84cc7a27298e14976800e0a7b6f20ebe3": 413.27511923,
  "0x0271cd6dac07b8a4234f0189ccb9a0ed68c46d5e": 400.69211967,
  "0x52c69656680bc8d130e6a3dc294f1cf57cb98f3c": 395.25575459,
  "0x6d62a7c22a0a4fab17637a12e8d02f44e10f5352": 360.50100435,
  "0x02431776195c4d87303940b473f85a4849977ee9": 353.30016226,
  "0x90cbe4bdd538d6e9b379bff5fe72c3d67a521de5": 313.2650606175853,
  "0x0e331a293bb22e93e2e5e417d84d755ae185da02": 312.6803889583971,
  "0x5aafc1f252d544f744d17a4e734afd6efc47ede4": 272.81847868185247,
  "0xad01c20d5886137e056775af56915de824c8fce5": 251.29989625960616,
  "0x467bb7126aa27f0431ef81d8be0f88fd2c99a99c": 249.3775239,
  "0x965dc72531bc322cab5537d432bb14451cabb30d": 243.12585179308607,
  "0x02d436613a100b730a6f55a66e067295bd7180c1": 242.0887409512737,
  "0xaf4cd8bd9b93227cc83db35b62d6e09235bb39f3": 236.46371691,
  "0x217ef78a1e2bd71b471db669a9a98648e17b5820": 224.59227544867758,
  "0x58d4a562d3e0a13afe099b632684747c875a10d8": 177.38594319,
  "0xf66254d3cd321362043e89f92a6a6c31be13bb94": 165.4,
  "0x32064407e734b1c06eadef042cf70e385a2c3b0d": 161.20036602,
  "0x9771407378f6506e24e70fea3afba00c6a2000ff": 143.88344801,
  "0xf38521f130fccf29db1961597bc5d2b60f995f85": 143.43863720208856,
  "0x941ecf174823b60949aa8114b38770f7d31c57be": 117.47276204121027,
  "0x42628ab5304f95eade942e314aeedb9b62b6e47d": 107.23230257,
  "0x2fa5db36dc932532e0965299048d2e5de2bc3a05": 94.55775052840617,
  "0x3295679a296f91e4e8b2233b7f5d24103a7954fd": 90.54517425296073,
  "0x7fd53cd9a9178d518a5fc6ee3b4fa64a50a005d3": 81.65090906,
  "0xcd6b980029e6e6e0733ac8ec3e02be9410d09799": 79.51060746097582,
  "0x18f7e027d5d790dbd92e48a0ba842eb5fb170cf5": 76.93288641,
  "0x5b93d80da1a359340d1f339fb574bdc56763f995": 60.19962471162942,
  "0x006004d6c39590d39310a0d34181e15d9ade3902": 59.8385674563525,
  "0xe7c714d6ee45c1debb521cf9b7bfc1886c0ade91": 45.2469361818269,